{"avgScout": {"didGetIncapacitated": 0.33333333333333331, "didPark": 0.33333333333333331, "numSpilledCubesAuto": 0.33333333333333331, "startingPosition": 1.0, "numCubesFumbledAuto": 0.33333333333333331, "didMakeAutoRun": 1.0, "numElevatedPyramidIntakeAuto": 0.33333333333333331, "numGroundPyramidIntakeTele": 0.33333333333333331}, "Jason": {"didGetIncapacitated": 0.3333333333333333, "didPark": 0.3333333333333333, "numSpilledCubesAuto": 0.3333333333333333, "startingPosition": 1.0, "numCubesFumbledAuto": 0.3333333333333333, "didMakeAutoRun": 1.0, "numElevatedPyramidIntakeAuto": 0.3333333333333333, "numGroundPyramidIntakeTele": 0.3333333333333333}, "Carter": {"didGetIncapacitated": 0.3333333333333333, "didPark": 0.3333333333333333, "numSpilledCubesAuto": 0.3333333333333333, "startingPosition": 1.0, "numCubesFumbledAuto": 0.3333333333333333, "didMakeAutoRun": 1.0, "numElevatedPyramidIntakeAuto": 0.3333333333333333, "numGroundPyramidIntakeTele": 0.3333333333333333}, "Carl": {"didGetIncapacitated": 0.3333333333333333, "didPark": 0.3333333333333333, "numSpilledCubesAuto": 0.3333333333333333, "startingPosition": 1.0, "numCubesFumbledAuto": 0.3333333333333333, "didMakeAutoRun": 1.0, "numElevatedPyramidIntakeAuto": 0.3333333333333333, "numGroundPyramidIntakeTele": 0.3333333333333333}}