{"ben": {"didPark": 0.058823529411764705, "numCubesFumbledAuto": 0.058823529411764705, "didCrossAutoZone": 0.11764705882352941, "opponentPlatformIntakeTele": 5.294117647058823, "didMakeAutoRun": 0.23529411764705882, "alliancePlatformIntakeAuto": 5.294117647058823, "numExchangeInput": 0.11764705882352941, "numSpilledCubesTele": 0.058823529411764705, "alliancePlatformIntakeTele": 5.294117647058823, "numGroundPyramidIntakeTele": 0.058823529411764705}, "Carter": {"numCubesFumbledAuto": 0.1, "didCrossAutoZone": 0.1, "opponentPlatformIntakeTele": 4.8, "numCubesFumbledTele": 0.15, "numGroundPortalIntakeTele": 0.05, "alliancePlatformIntakeAuto": 4.8, "numExchangeInput": 0.05, "numGroundIntakeTele": 0.05, "alliancePlatformIntakeTele": 4.5, "numGroundPyramidIntakeTele": 0.15}, "avgScout": {"didPark": 0.060661764705882353, "numCubesFumbledAuto": 0.11165577342047932, "didCrossAutoZone": 0.10882352941176471, "opponentPlatformIntakeTele": 5.2969117647058823, "didMakeAutoRun": 0.18936741363211954, "numGroundPortalIntakeTele": 0.056250000000000001, "numElevatedPyramidIntakeTele": 0.10729166666666667, "numGroundIntakeTele": 0.12934027777777776, "numCubesFumbledTele": 0.23981481481481484, "numGroundPyramidIntakeTele": 0.18878903413217141, "numExchangeInput": 0.15857843137254901, "numHumanPortalIntakeTele": 0.055555555555555552, "startingPosition": 0.0625, "numSpilledCubesTele": 0.078867102396514163, "alliancePlatformIntakeTele": 5.122745098039216, "alliancePlatformIntakeAuto": 5.5052450980392154}, "Charles Qu": {"didPark": 0.0625, "numElevatedPyramidIntakeTele": 0.0625, "opponentPlatformIntakeTele": 4.875, "didMakeAutoRun": 0.3125, "numGroundPortalIntakeTele": 0.0625, "numGroundPyramidIntakeTele": 0.3125, "startingPosition": 0.0625, "numGroundIntakeTele": 0.0625, "alliancePlatformIntakeTele": 4.5, "alliancePlatformIntakeAuto": 5.625}, "calvin": {"alliancePlatformIntakeTele": 6.0, "numCubesFumbledAuto": 0.2, "opponentPlatformIntakeTele": 6.0, "didMakeAutoRun": 0.4, "numGroundIntakeTele": 0.2, "numElevatedPyramidIntakeTele": 0.2, "numCubesFumbledTele": 0.4, "numGroundPyramidIntakeTele": 0.2, "alliancePlatformIntakeAuto": 6.0}, "p": {"opponentPlatformIntakeTele": 6.0, "alliancePlatformIntakeTele": 6.0, "alliancePlatformIntakeAuto": 6.0}, "Carl": {"alliancePlatformIntakeTele": 4.666666666666667, "alliancePlatformIntakeAuto": 5.666666666666667, "opponentPlatformIntakeTele": 5.0, "didMakeAutoRun": 0.05555555555555555, "numGroundIntakeTele": 0.2222222222222222, "numGroundPyramidIntakeTele": 0.2777777777777778, "numElevatedPyramidIntakeTele": 0.1111111111111111, "numHumanPortalIntakeTele": 0.05555555555555555}, "Kenny": {"alliancePlatformIntakeTele": 4.4, "numCubesFumbledAuto": 0.13333333333333333, "opponentPlatformIntakeTele": 4.4, "didMakeAutoRun": 0.06666666666666667, "numGroundIntakeTele": 0.06666666666666667, "numCubesFumbledTele": 0.06666666666666667, "numGroundPyramidIntakeTele": 0.13333333333333333, "alliancePlatformIntakeAuto": 4.4}, "Rebecca": {"numCubesFumbledAuto": 0.06666666666666667, "numExchangeInput": 0.06666666666666667, "opponentPlatformIntakeTele": 5.6, "alliancePlatformIntakeTele": 5.2, "numSpilledCubesTele": 0.06666666666666667, "numGroundIntakeTele": 0.06666666666666667, "numCubesFumbledTele": 0.2, "numGroundPyramidIntakeTele": 0.2, "alliancePlatformIntakeAuto": 5.6}, "kate": {"alliancePlatformIntakeTele": 6.0, "numExchangeInput": 0.4, "opponentPlatformIntakeTele": 6.0, "didMakeAutoRun": 0.2, "numGroundIntakeTele": 0.2, "numCubesFumbledTele": 0.4, "numGroundPyramidIntakeTele": 0.2, "alliancePlatformIntakeAuto": 6.0}, "Jason": {"numCubesFumbledAuto": 0.1111111111111111, "numHumanPortalIntakeTele": 0.05555555555555555, "opponentPlatformIntakeTele": 5.0, "didMakeAutoRun": 0.05555555555555555, "numElevatedPyramidIntakeTele": 0.05555555555555555, "numCubesFumbledTele": 0.2222222222222222, "numGroundPyramidIntakeTele": 0.16666666666666666, "alliancePlatformIntakeAuto": 5.666666666666667, "numGroundIntakeTele": 0.16666666666666666, "alliancePlatformIntakeTele": 4.666666666666667, "numSpilledCubesTele": 0.1111111111111111}}